{"_step":70,"val_loss":1.3149840831756592,"train_loss_epoch":1.2389423847198486,"_timestamp":1.744725685353529e+09,"_wandb":{"runtime":246},"train_loss_step":1.2238661050796509,"epoch":6,"trainer/global_step":2869,"_runtime":246.251620339}