{"_step":101,"train_loss_epoch":1.269055962562561,"epoch":9,"val_loss":1.3564035892486572,"train_loss_step":1.1073578596115112,"_wandb":{"runtime":351},"_timestamp":1.744726037865917e+09,"_runtime":351.715690194,"trainer/global_step":4099}