{"epoch":26,"_runtime":1097.908486609,"trainer/global_step":1322,"val_loss":1.8731257915496826,"train_loss_step":1.5406808853149414,"val_acc":0.16520409286022186,"val_cohen_kappa":0.08374452590942383,"train_loss_epoch":1.8410468101501465,"_wandb":{"runtime":1097},"_timestamp":1.7455408942961915e+09,"_step":1376}