{"_runtime":180.781156278,"trainer/global_step":1469,"train_loss_epoch":1.9742532968521118,"train_loss_step":1.851883888244629,"val_acc":0.09960883855819702,"val_cohen_kappa":0.029537737369537354,"_timestamp":1.7455410777534442e+09,"_wandb":{"runtime":180},"_step":1529,"val_loss":1.8482049703598022,"epoch":29}