{"val_acc":0.3614455759525299,"val_cohen_kappa":0.19132637977600098,"epoch":27,"trainer/global_step":1371,"_wandb":{"runtime":780},"_timestamp":1.745573312621008e+09,"_runtime":780.769071968,"train_loss_epoch":1.1741422414779663,"val_loss":1.456045389175415,"train_loss_step":1.2786870002746582,"_step":1427}