{"_wandb":{"runtime":835},"train_loss_step":1.319820761680603,"epoch":29,"_timestamp":1.7455668496403399e+09,"_runtime":835.387825168,"val_acc":0.330374151468277,"val_cohen_kappa":0.17217737436294556,"val_loss":1.4255702495574951,"trainer/global_step":1469,"train_loss_epoch":1.328784465789795,"_step":1529}