{"trainer/global_step":1469,"_runtime":837.307292012,"val_cohen_kappa":0.19258397817611694,"train_loss_step":1.2547996044158936,"_step":1529,"epoch":29,"val_acc":0.3583843410015106,"train_loss_epoch":1.182905912399292,"val_loss":1.40254807472229,"_timestamp":1.7455788781610043e+09,"_wandb":{"runtime":837}}