{"trainer/global_step":1469,"_runtime":161.552561548,"val_cohen_kappa":0.04761844873428345,"train_loss_epoch":1.7151342630386353,"_wandb":{"runtime":161},"train_loss_step":1.617424726486206,"epoch":29,"_timestamp":1.7455418838716722e+09,"_step":1529,"val_acc":0.13513605296611786,"val_loss":1.6672461032867432}