{"avg_val_loss":1.3546974658966064,"_step":90,"val_loss":1.3546974658966064,"epoch":0,"trainer/global_step":4499,"train_loss_step":1.1805262565612793,"_timestamp":1.7442218657434156e+09,"_runtime":707.51655896,"_wandb":{"runtime":708}}