{"trainer/global_step":2459,"_wandb":{"runtime":212},"_step":60,"_timestamp":1.7447266052654183e+09,"_runtime":212.265007548,"epoch":5,"val_loss":1.3141999244689941,"train_loss_epoch":1.2364064455032349,"train_loss_step":1.7712669372558594}