{"_timestamp":1.7446586445844035e+09,"_wandb":{"runtime":1017},"_runtime":1001.94504062,"_step":14,"train_loss_step":1.4746090173721313,"epoch":0,"trainer/global_step":749}