{"val_loss":1.494871735572815,"_wandb":{"runtime":2429},"epoch":9,"trainer/global_step":99,"train_loss_epoch":1.4562466144561768,"train_loss_step":1.419325828552246,"_timestamp":1.7453006931352756e+09,"_runtime":2429.864160346,"val_cohen_kappa":0.11215460300445557,"val_acc":0.2517414689064026,"_step":119}