{"val_cohen_kappa":0.10520488023757935,"val_loss":1.4396424293518066,"val_acc":0.23076263070106506,"trainer/global_step":99,"train_loss_step":1.4132471084594727,"_timestamp":1.7452933844253364e+09,"epoch":9,"_runtime":2426.261824867,"_wandb":{"runtime":2426},"_step":119,"train_loss_epoch":1.4598805904388428}