{"train_loss_epoch":1.6045503616333008,"_wandb":{"runtime":452},"train_loss_step":1.5946261882781982,"_runtime":452.366303299,"val_acc":0.19435472786426544,"val_cohen_kappa":-0.0002200603485107422,"epoch":5,"val_loss":1.5660442113876343,"trainer/global_step":17,"_timestamp":1.7449860099620843e+09,"_step":20}