{"_step":39,"trainer/global_step":1639,"_timestamp":1.74472674758564e+09,"_runtime":141.661682916,"train_loss_epoch":1.2419928312301636,"epoch":3,"val_loss":1.3195631504058838,"train_loss_step":1.0893120765686035,"_wandb":{"runtime":141}}