{"_timestamp":1.7455421825169322e+09,"train_loss_epoch":1.318865418434143,"train_loss_step":1.3096022605895996,"val_loss":1.4319713115692139,"_runtime":171.281911846,"_step":1529,"val_cohen_kappa":0.20794367790222168,"trainer/global_step":1469,"_wandb":{"runtime":171},"epoch":29,"val_acc":0.37338435649871826}