{"epoch":28,"train_loss_epoch":1.2836486101150513,"_step":5857,"trainer/global_step":5799,"_runtime":282.232222753,"_wandb":{"runtime":282},"_timestamp":1.7455950255497322e+09,"val_loss":1.576811671257019,"val_acc":0.3170204162597656,"val_cohen_kappa":0.12546229362487793,"train_loss_step":1.176944375038147}