{"_step":3635,"trainer/global_step":3599,"train_loss_step":2.335221767425537,"_wandb":{"runtime":135},"epoch":17,"val_acc":0.0708073303103447,"val_cohen_kappa":0.01134723424911499,"train_loss_epoch":2.0447211265563965,"_timestamp":1.7455926635985985e+09,"val_loss":2.0797934532165527,"_runtime":135.383296124}