{"_runtime":837.169912321,"val_loss":1.4381786584854126,"val_cohen_kappa":0.20517182350158691,"_timestamp":1.7455716921293252e+09,"trainer/global_step":1469,"val_acc":0.38137754797935486,"train_loss_epoch":1.3608169555664062,"_step":1529,"train_loss_step":1.5845333337783813,"_wandb":{"runtime":837},"epoch":29}