{"_timestamp":1.745559221934965e+09,"_wandb":{"runtime":530},"epoch":18,"val_loss":1.6017943620681763,"val_acc":0.21438775956630707,"trainer/global_step":930,"_step":968,"_runtime":530.130963137,"train_loss_epoch":1.6246142387390137,"train_loss_step":1.6240272521972656,"val_cohen_kappa":0.024473905563354492}