{"class_count_pred/1":0,"class_count_true/0":0,"train_loss_epoch":1.5519555807113647,"class_count_pred/0":6076,"class_count_pred/2":0,"val_cohen_kappa":0.04314166307449341,"class_count_pred/3":89374,"train_loss_step":1.5897703170776367,"class_count_true/1":30119,"trainer/global_step":1907,"epoch":5,"class_count_true/4":27205,"_timestamp":1.7449827961153493e+09,"class_count_true/3":15196,"class_count_pred/4":92735,"class_count_true/2":115665,"_runtime":17172.04623765,"_wandb":{"runtime":17193},"val_loss":1.5683014392852783,"_step":49}