{"train_loss_epoch":1.8915106058120728,"_runtime":209.014598181,"_step":3635,"val_loss":1.9083514213562012,"val_acc":0.05534748733043671,"val_cohen_kappa":0,"epoch":17,"trainer/global_step":3599,"_wandb":{"runtime":209},"_timestamp":1.745593098358757e+09,"train_loss_step":1.8599398136138916}