{"epoch":23,"val_loss":1.942814826965332,"_timestamp":1.7455924117136173e+09,"_runtime":345.340853679,"train_loss_epoch":1.745924711227417,"_wandb":{"runtime":345},"_step":4847,"val_acc":0.20659597218036652,"val_cohen_kappa":0.10635650157928467,"train_loss_step":1.8243696689605713,"trainer/global_step":4799}