{"_wandb":{"runtime":497},"train_loss_step":1.045708417892456,"trainer/global_step":78399,"_runtime":497.189055213,"epoch":1,"train_loss":1.1111358404159546,"train_loss_epoch":1.1111358404159546,"val_loss":1.345343828201294,"_step":1569,"_timestamp":1.7442223879264956e+09}