{"_timestamp":1.7448991936003244e+09,"val_acc":0.6511111259460449,"trainer/global_step":76,"epoch":6,"_runtime":242.966823569,"train_loss":1.2507416009902954,"val_loss":1.2013474702835083,"_step":7,"_wandb":{"runtime":243}}