{"_timestamp":1.745542757683527e+09,"train_loss_epoch":1.5426044464111328,"val_acc":0.3230952322483063,"train_loss_step":1.4545753002166748,"_step":1121,"_runtime":126.971746259,"_wandb":{"runtime":126},"val_cohen_kappa":0.17204314470291138,"val_loss":1.6894367933273315,"epoch":21,"trainer/global_step":1077}