{"val_loss":1.608808159828186,"_wandb":{"runtime":1451},"val_acc":0.4047184884548187,"_step":69,"trainer/global_step":59,"train_loss_step":1.6049648523330688,"val_cohen_kappa":0,"_runtime":1451.29530866,"epoch":19,"_timestamp":1.744996453935946e+09,"train_loss_epoch":1.6069685220718384}