{"_timestamp":1.7447277006847754e+09,"epoch":9,"trainer/global_step":4099,"val_loss":1.402282476425171,"train_loss_step":1.450717806816101,"_runtime":351.400477765,"_step":101,"_wandb":{"runtime":351},"train_loss_epoch":1.31405770778656}