{"val_cohen_kappa":0.08326703310012817,"trainer/global_step":99,"_step":119,"epoch":9,"val_acc":0.2314368486404419,"train_loss_epoch":1.4584113359451294,"val_loss":1.5084413290023804,"_wandb":{"runtime":2432},"train_loss_step":1.4473387002944946,"_runtime":2432.54964322,"_timestamp":1.7453104192598052e+09}