{"_timestamp":1.7453381833326275e+09,"_runtime":3938.542131929,"_step":25,"train_loss_epoch":1.498112440109253,"epoch":19,"train_loss_step":1.4017257690429688,"_wandb":{"runtime":3938},"trainer/global_step":319}