{"_timestamp":1.745572531036222e+09,"train_loss_epoch":1.119111180305481,"_runtime":838.02002957,"train_loss_step":1.0151138305664062,"val_acc":0.35309523344039917,"trainer/global_step":1469,"val_cohen_kappa":0.1802629828453064,"_step":1529,"val_loss":1.6117732524871826,"_wandb":{"runtime":838},"epoch":29}