{"class_count_true/0":2476,"class_count_pred/4":3914,"class_count_pred/1":134,"class_count_true/2":5553,"class_count_pred/3":4672,"class_count_true/3":744,"class_count_pred/0":527,"class_count_true/1":1466,"epoch":4,"trainer/global_step":3194,"val_loss":1.5584474802017212,"class_count_true/4":1299,"_wandb":{"runtime":1705},"train_loss_step":1.4919979572296143,"_runtime":1704.933748107,"_timestamp":1.7447539208468277e+09,"val_cohen_kappa":0.04635965824127197,"_step":72,"train_loss_epoch":1.5376152992248535,"class_count_pred/2":2291}