{"class_count_pred/0":31,"class_count_pred/3":0,"_runtime":1782.701231817,"class_count_true/2":27170,"class_count_true/0":0,"class_count_pred/1":0,"class_count_true/1":4011,"class_count_pred/4":0,"class_count_true/3":232,"class_count_true/4":7144,"_wandb":{"runtime":2378},"_timestamp":1.7448352606175683e+09,"_step":1,"train_loss_epoch":1.2311936616897583,"trainer/global_step":31,"val_loss":1.2617707252502441,"class_count_pred/2":38526,"val_cohen_kappa":-0.0003839731216430664,"epoch":0}