{"val_acc":0.33193880319595337,"train_loss_step":1.7123689651489258,"_timestamp":1.7455441982430112e+09,"_wandb":{"runtime":120},"epoch":26,"val_cohen_kappa":0.18597298860549927,"_runtime":120.874302017,"_step":1376,"trainer/global_step":1322,"train_loss_epoch":1.560341715812683,"val_loss":1.7594482898712158}