{"class_count_pred/4":4923,"_step":58,"class_count_pred/3":4147,"train_loss_step":1.6206364631652832,"class_count_pred/1":0,"_runtime":1382.265754502,"class_count_true/4":1299,"class_count_true/2":5553,"_wandb":{"runtime":1382},"val_loss":1.5572384595870972,"class_count_true/0":2476,"class_count_true/3":744,"class_count_pred/0":35,"class_count_true/1":1466,"class_count_pred/2":2433,"_timestamp":1.7447407509521625e+09,"trainer/global_step":2555,"val_cohen_kappa":0.05733710527420044,"epoch":3,"train_loss_epoch":1.538070559501648}