{"val_acc":0.19435472786426544,"_timestamp":1.744992949059639e+09,"val_loss":1.5666269063949585,"train_loss_step":1.5855917930603027,"trainer/global_step":59,"val_cohen_kappa":0,"_runtime":1459.817794718,"epoch":19,"_wandb":{"runtime":1459},"_step":69,"train_loss_epoch":1.5948476791381836}