{"_timestamp":1.7446617457284234e+09,"epoch":6,"train_loss_step":1.0130984783172607,"_runtime":258.564461798,"val_loss":1.3609328269958496,"train_loss_epoch":1.2473537921905518,"_wandb":{"runtime":258},"_step":127,"trainer/global_step":5732}