{"trainer/global_step":1273,"train_loss_epoch":1.3162126541137695,"train_loss_step":1.2580218315124512,"val_acc":0.27642858028411865,"_step":1325,"_runtime":394.862979502,"_timestamp":1.7455570870498464e+09,"val_loss":1.6856268644332886,"epoch":25,"_wandb":{"runtime":394},"val_cohen_kappa":0.11525684595108032}