{"_runtime":364.174615827,"val_loss":1.3306804895401,"train_loss_step":1.2802696228027344,"epoch":9,"_wandb":{"runtime":364},"trainer/global_step":8189,"train_loss_epoch":1.2434812784194946,"_timestamp":1.7446612217929318e+09,"_step":182}