{"trainer/global_step":2555,"class_count_pred/3":3549,"_step":58,"class_count_pred/2":1917,"class_count_true/3":744,"class_count_pred/1":0,"class_count_pred/4":5769,"train_loss_step":1.4727988243103027,"class_count_true/2":5553,"_timestamp":1.744755340526256e+09,"val_cohen_kappa":0.052007436752319336,"_runtime":1365.826788501,"epoch":3,"class_count_true/0":2476,"_wandb":{"runtime":1366},"class_count_pred/0":303,"train_loss_epoch":1.533794641494751,"class_count_true/4":1299,"class_count_true/1":1466,"val_loss":1.552515983581543}