{"_runtime":2430.620551375,"epoch":9,"_timestamp":1.745288528612032e+09,"train_loss_step":1.473039150238037,"val_acc":0.2578687071800232,"val_loss":1.4632689952850342,"_wandb":{"runtime":2430},"_step":119,"val_cohen_kappa":0.11259335279464722,"trainer/global_step":99,"train_loss_epoch":1.4694383144378662}