{"epoch":9,"_wandb":{"runtime":352},"_step":101,"train_loss_step":1.2725270986557007,"_timestamp":1.7447271003239684e+09,"trainer/global_step":4099,"_runtime":352.092802541,"val_loss":1.3093092441558838,"train_loss_epoch":1.235451102256775}