{"train_loss_epoch":1.3363864421844482,"val_loss":1.645141839981079,"class_count_pred/2":4727,"class_count_pred/3":425,"_step":146,"_runtime":430.821985804,"class_count_pred/0":1867,"class_count_true/3":744,"class_count_pred/4":3572,"class_count_true/1":1466,"class_count_true/0":2476,"val_cohen_kappa":0.12180060148239136,"_wandb":{"runtime":430},"train_loss_step":1.511399745941162,"class_count_pred/1":947,"epoch":9,"class_count_true/2":5553,"class_count_true/4":1299,"_timestamp":1.744758209609098e+09,"trainer/global_step":6389}