{"val_cohen_kappa":NaN,"val_loss":1.3319427967071533,"_wandb":{"runtime":515},"_timestamp":1.7447308892941854e+09,"train_loss_epoch":1.2461050748825073,"train_loss_step":1.6644243001937866,"_step":182,"epoch":9,"trainer/global_step":8189,"_runtime":515.853091562}