{"_runtime":34.996228179,"_step":458,"val_loss":1.7667632102966309,"val_acc":0.1439455896615982,"train_loss_epoch":1.8276256322860718,"epoch":8,"_timestamp":1.7455385713976977e+09,"val_cohen_kappa":0.05359929800033569,"_wandb":{"runtime":34},"train_loss_step":1.8504334688186646,"trainer/global_step":440}