{"val_acc":0.4047184884548187,"train_loss_epoch":1.589279055595398,"_step":10,"val_cohen_kappa":NaN,"val_loss":1.7573045492172241,"_wandb":{"runtime":560},"_timestamp":1.745249623747621e+09,"train_loss_step":1.5888478755950928,"trainer/global_step":9,"_runtime":534.611243706,"epoch":3}