{"epoch":5,"trainer/global_step":37361,"val_loss":1.2579797506332397,"_timestamp":1.744227640537064e+09,"_runtime":516.8323242,"train_loss_epoch":1.09889554977417,"_wandb":{"runtime":516},"_step":758,"train_loss_step":0.9815511107444763}