{"_step":82,"epoch":6,"_runtime":295.209439594,"trainer/global_step":2869,"train_loss_epoch":1.239090085029602,"val_loss":1.3208181858062744,"_timestamp":1.7447254385155923e+09,"train_loss_step":1.1652793884277344,"_wandb":{"runtime":295}}