{"train_loss_epoch":1.609794020652771,"_timestamp":1.744995002078549e+09,"val_acc":0.4047184884548187,"train_loss_step":1.6160141229629517,"_wandb":{"runtime":1450},"val_cohen_kappa":0,"val_loss":1.588131308555603,"trainer/global_step":59,"epoch":19,"_runtime":1450.849776557,"_step":69}