{"val_cohen_kappa":0.2349257469177246,"trainer/global_step":1126,"_wandb":{"runtime":130},"train_loss_step":1.140782356262207,"epoch":22,"val_acc":0.3913094997406006,"train_loss_epoch":1.2351796627044678,"_runtime":130.961375338,"_step":1172,"val_loss":1.4228334426879883,"_timestamp":1.7455426300232239e+09}