{"val_cohen_kappa":0.18062430620193481,"train_loss_epoch":1.179526686668396,"epoch":29,"val_loss":1.8479844331741333,"_wandb":{"runtime":835},"_step":1529,"val_acc":0.4018707573413849,"trainer/global_step":1469,"_timestamp":1.7455643401763885e+09,"_runtime":835.378335501,"train_loss_step":1.2615159749984741}