{"val_loss":1.4163011312484741,"train_loss_epoch":1.491249918937683,"_runtime":1220.962349279,"_wandb":{"runtime":1221},"train_loss_step":1.5406718254089355,"trainer/global_step":1469,"_timestamp":1.7455536674942186e+09,"_step":1529,"epoch":29,"val_acc":0.39954081177711487,"val_cohen_kappa":0.20783859491348267}