{"val_loss":1.5997624397277832,"val_cohen_kappa":0,"_runtime":161.883646332,"val_acc":0.1922222226858139,"_step":3,"_wandb":{"runtime":213},"_timestamp":1.7449264848290803e+09,"epoch":1,"trainer/global_step":3,"train_loss_epoch":1.615396499633789}