{"train_loss_epoch":1.119602084159851,"_wandb":{"runtime":453},"_step":1529,"val_loss":1.3828297853469849,"trainer/global_step":1469,"train_loss_step":1.1236518621444702,"epoch":29,"_runtime":453.928395509,"val_cohen_kappa":0.21636009216308594,"_timestamp":1.7455818441100104e+09,"val_acc":0.3840135931968689}