{"val_cohen_kappa":-0.00014543533325195312,"train_loss_epoch":1.6090391874313354,"_wandb":{"runtime":313},"trainer/global_step":7,"_timestamp":1.744926892257321e+09,"epoch":3,"train_loss_step":1.6078640222549438,"_runtime":313.544339816,"_step":11,"val_loss":1.625727653503418,"val_acc":0.0011111111380159855}