{"_step":6059,"val_acc":0.22076572477817535,"val_cohen_kappa":0.11023002862930298,"epoch":29,"_timestamp":1.74559568075764e+09,"val_loss":1.4958577156066895,"train_loss_epoch":1.6939970254898071,"_runtime":265.73458951,"train_loss_step":1.346869945526123,"trainer/global_step":5999,"_wandb":{"runtime":265}}