{"train_loss_step":1.214133620262146,"epoch":0,"trainer/global_step":149,"_wandb":{"runtime":258},"_timestamp":1.7446597054821455e+09,"_runtime":202.756463216,"_step":2}