{"class_count_pred/2":36873,"val_cohen_kappa":-0.001918196678161621,"class_count_true/1":30119,"train_loss_step":1.5128554105758667,"class_count_pred/4":118638,"epoch":5,"_step":49,"_wandb":{"runtime":16945},"class_count_true/2":115665,"class_count_true/0":0,"class_count_pred/0":71,"val_loss":1.6122487783432007,"_runtime":16945.599699553,"class_count_pred/1":14862,"class_count_true/3":15196,"trainer/global_step":1907,"class_count_pred/3":17741,"_timestamp":1.7449656217512708e+09,"class_count_true/4":27205,"train_loss_epoch":1.5084267854690552}