{"_wandb":{"runtime":836},"_step":1529,"val_cohen_kappa":0.2081196904182434,"val_acc":0.3787074685096741,"_runtime":836.913731828,"val_loss":1.4301881790161133,"train_loss_step":1.1123807430267334,"epoch":29,"_timestamp":1.745575353852426e+09,"trainer/global_step":1469,"train_loss_epoch":1.2471593618392944}