{"_step":60,"_runtime":211.436800856,"val_loss":1.311166763305664,"epoch":5,"_wandb":{"runtime":211},"train_loss_step":1.372380018234253,"trainer/global_step":2459,"train_loss_epoch":1.2394503355026245,"_timestamp":1.7447262499733999e+09}