{"_timestamp":1.7447273487073407e+09,"train_loss_step":1.2162258625030518,"epoch":6,"_step":70,"_runtime":247.706290157,"_wandb":{"runtime":247},"train_loss_epoch":1.2402284145355225,"trainer/global_step":2869,"val_loss":1.3271875381469727}