{"train_loss_step":1.3580228090286255,"_runtime":134.007820299,"val_acc":0.36853742599487305,"epoch":29,"val_cohen_kappa":0.1969742774963379,"trainer/global_step":1469,"_step":1529,"val_loss":1.434131383895874,"_wandb":{"runtime":134},"_timestamp":1.7455439412182758e+09,"train_loss_epoch":1.2343889474868774}