{"_step":127,"train_loss_step":1.380462646484375,"train_loss_epoch":1.2420378923416138,"trainer/global_step":5732,"val_loss":1.3176475763320923,"_wandb":{"runtime":256},"epoch":6,"_timestamp":1.7446607675460129e+09,"_runtime":256.241114301}