{"class_count_true/0":0,"class_count_true/1":4011,"train_loss_epoch":1.0631680488586426,"_wandb":{"runtime":11726},"trainer/global_step":223,"class_count_pred/2":38557,"epoch":6,"class_count_true/3":232,"_runtime":11726.802293408,"class_count_true/4":7144,"class_count_pred/4":0,"_timestamp":1.7448479093557835e+09,"class_count_pred/1":0,"val_cohen_kappa":0,"_step":17,"class_count_true/2":27170,"train_loss_step":0.982919454574585,"val_loss":1.234191656112671,"class_count_pred/0":0,"class_count_pred/3":0}