{"val_loss":1.4884867668151855,"epoch":29,"val_cohen_kappa":0.19485551118850708,"trainer/global_step":1469,"_timestamp":1.7455813866930573e+09,"_step":1529,"_wandb":{"runtime":834},"train_loss_step":1.300780177116394,"_runtime":834.286858999,"val_acc":0.3882143199443817,"train_loss_epoch":1.159287452697754}