{"train_loss_epoch":1.0349010229110718,"_wandb":{"runtime":834},"val_loss":1.6230107545852661,"_runtime":834.360688844,"epoch":29,"_timestamp":1.74558055163728e+09,"val_acc":0.39358842372894287,"val_cohen_kappa":0.19914698600769043,"trainer/global_step":1469,"_step":1529,"train_loss_step":0.7545693516731262}