{"val_loss":1.7178215980529785,"val_cohen_kappa":0.05876392126083374,"trainer/global_step":617,"epoch":12,"val_acc":0.15511904656887054,"train_loss_epoch":1.7649216651916504,"_timestamp":1.7455387389126782e+09,"_step":641,"_wandb":{"runtime":46},"_runtime":45.778160877,"train_loss_step":1.8057777881622314}