{"_step":1529,"epoch":29,"train_loss_epoch":1.0064055919647217,"train_loss_step":0.9437057375907898,"_wandb":{"runtime":833},"_timestamp":1.7455841289639344e+09,"trainer/global_step":1469,"val_acc":0.3754591941833496,"val_cohen_kappa":0.15647894144058228,"_runtime":833.795536469,"val_loss":1.6419477462768555}