{"epoch":3,"val_loss":1.3827286958694458,"_timestamp":1.744726392236799e+09,"_runtime":141.553126341,"_wandb":{"runtime":141},"_step":39,"train_loss_epoch":1.2831629514694214,"train_loss_step":1.2986419200897217,"trainer/global_step":1639}