{"train_loss_epoch":1.2762969732284546,"_wandb":{"runtime":16415},"_step":468,"trainer/global_step":334,"train_loss_step":1.273327112197876,"epoch":66,"_timestamp":1.7453501251261191e+09,"val_acc":0.3789557218551636,"val_cohen_kappa":0.1687299609184265,"_runtime":16415.658076554,"val_loss":1.5259230136871338}